﻿<?xml version="1.0" encoding="utf-8"?>

<ini>
<!-- Ахтунг! Все пути зканчиваются слешем: /, либо бэкслешем: \ -->
  
    <FTP_Sever>
        <IP_FTP>10.16.4.3</IP_FTP>
        <FTPUserName>19-CHA</FTPUserName>
        <FTPUserPassword>qySRhD</FTPUserPassword>
        <FTPDIR_A>/common/BDE/NULL/</FTPDIR_A> <!-- Путь должен быть, иначе нет приема-отправки, без предупреждения  -->
    </FTP_Sever>

    <TreasuryClient>
        <Activate>ON</Activate> <!-- ON/OFF -->
        <PatternRecive>^[emld]700112018[0-9]*\.722</PatternRecive> <!-- В <MailIn> -->
        <PatternSend>^[fpqh]722[0-9]*\.700112018</PatternSend> <!-- Из <MailOut> -->
        <PatternUPD>[CLTK][0-9]*\.UPD</PatternUPD>
        <MailIn>D:\temp\ClientTT\MailIn\</MailIn> 
        <MailOut>D:\temp\ClientTT\MailOut\</MailOut>
    </TreasuryClient>

    <FinanceClient>
        <Activate>ON</Activate> <!-- ON/OFF -->
        <PatternRecive>72900-1338-450[A-Za-z0-9]{3}\.que</PatternRecive>
        <PatternSend>72900-450-1338[A-Za-z0-9]{3}\.que</PatternSend>
        <PatternUPD>Update\d*\.rar</PatternUPD>
        <MailIn>C:\FM\MailIn\</MailIn>
        <MailOut>C:\FM\MailOut\</MailOut>
    </FinanceClient>

</ini>
