﻿<?xml version="1.0" encoding="utf-8"?>

<ini>
<!-- Ахтунг! Все пути зканчиваются слешем: /, либо бэкслешем: \ -->
  
    <FTP_Sever>
        <IP_FTP>10.16.4.3</IP_FTP>
        <FTPUserName>19-CHA</FTPUserName>
        <FTPUserPassword>qySRhD</FTPUserPassword>
        <FTPDIR_A>/common/BDE/NULL/</FTPDIR_A> <!-- Путь должен быть, иначе нет приема-отправки, без предупреждения  -->
    </FTP_Sever>

    <TreasuryClient>
        <Activate>ON</Activate> <!-- ON/OFF -->
        <TreasCode>722</TreasCode> <!-- Код казнчейства -->
        <PayRegNum>700112018</PayRegNum> <!-- УНП организации -->
        <MailIn>D:\temp\ClientTT\MailIn\</MailIn> 
        <MailOut>D:\temp\ClientTT\MailOut\</MailOut>
    </TreasuryClient>

    <FinanceClient>
        <Activate>ON</Activate> <!-- ON/OFF -->
        <DistrictCode>72900</DistrictCode> <!-- Код района -->
        <PayRegNumFin>1338</PayRegNumFin>  <!-- УНК райфо -->
        <TreasAccNum>450</TreasAccNum>  <!-- УНК организации -->
        <MailIn>C:\FM\MailIn\</MailIn>
        <MailOut>C:\FM\MailOut\</MailOut>
    </FinanceClient>

</ini>